{"0": {"from": 0, "to": 1, "reactance": 0.05916999999999999}, "1": {"from": 0, "to": 4, "reactance": 0.22304}, "2": {"from": 1, "to": 2, "reactance": 0.19797}, "3": {"from": 1, "to": 3, "reactance": 0.17632}, "4": {"from": 1, "to": 4, "reactance": 0.17388}, "5": {"from": 2, "to": 3, "reactance": 0.17103}, "6": {"from": 3, "to": 4, "reactance": 0.04211}, "7": {"from": 5, "to": 10, "reactance": 0.19890000000000002}, "8": {"from": 5, "to": 11, "reactance": 0.25581}, "9": {"from": 5, "to": 12, "reactance": 0.13027}, "10": {"from": 8, "to": 9, "reactance": 0.08449999999999999}, "11": {"from": 8, "to": 13, "reactance": 0.27038}, "12": {"from": 9, "to": 10, "reactance": 0.19207000000000002}, "13": {"from": 11, "to": 12, "reactance": 0.19988}, "14": {"from": 12, "to": 13, "reactance": 0.34802}, "15": {"from": 3, "to": 6, "reactance": 0.20912}, "16": {"from": 3, "to": 8, "reactance": 0.55618}, "17": {"from": 4, "to": 5, "reactance": 0.25202}, "18": {"from": 6, "to": 7, "reactance": 0.17614999999999997}, "19": {"from": 6, "to": 8, "reactance": 0.11001}}